district,taluk_name,lat,lon
Bagalkote,Bagalkote,16.1817,75.6958
Bagalkote,Badami,15.9167,75.6833
Bagalkote,Bilagi,16.35,75.6167
Bagalkote,Hunagunda,16.0667,76.05
Bagalkote,Ilkal,15.96,76.13
Bagalkote,Jamkhandi,16.5167,75.3
Bagalkote,Mudhola,16.35,75.2833
Bagalkote,Rabkavi Banhatti,16.48,75.12
Bagalkote,Guledgudda,16.05,75.7833
Ballari,Ballari,15.1394,76.9214
Ballari,Kurugodu,15.35,76.82
Ballari,Kampli,15.4,76.6
Ballari,Sanduru,15.0833,76.55
Ballari,Siraguppa,15.63,76.89
Belagavi,Belagavi,15.8497,74.4977
Belagavi,Athani,16.7333,75.0667
Belagavi,Bailhongal,15.8167,74.8667
Belagavi,Chikkodi,16.43,74.59
Belagavi,Gokak,16.1667,74.8333
Belagavi,Hukkeri,16.2167,74.6
Belagavi,Khanapura,15.6333,74.5167
Belagavi,Kitturu,15.6,74.7833
Belagavi,Mudalgi,16.3167,74.9833
Belagavi,Nippani,16.4,74.3833
Belagavi,Rayabaga,16.5,74.7833
Belagavi,Savadatti,15.7667,75.1167
Belagavi,Ramadurga,15.95,75.3
Belagavi,Kagawada,16.7,74.91
Belagavi,Yargatti,15.9333,75.0167
Bengaluru Urban,Bengaluru North,13.0358,77.597
Bengaluru Urban,Bengaluru South,12.92,77.58
Bengaluru Urban,Bengaluru East,12.9716,77.6412
Bengaluru Urban,Anekal,12.71,77.7
Bengaluru Urban,Yelahanka,13.1007,77.5963
Bengaluru Rural,Nelamangala,13.0988,77.3888
Bengaluru Rural,Doddaballapura,13.2925,77.5428
Bengaluru Rural,Devanahalli,13.2483,77.7126
Bengaluru Rural,Hosakote,13.0697,77.7983
Bidar,Aurad,18.25,77.4333
Bidar,Basavakalyana,17.8667,76.95
Bidar,Bhalki,18.0333,77.2167
Bidar,Bidar,17.9104,77.5199
Bidar,Chitgoppa,17.6833,77.2
Bidar,Hulsuru,18.0167,77.0167
Bidar,Humnabad,17.7667,77.1333
Bidar,Kamalanagara,18.2333,77.25
Chamarajanagara,Chamarajanagara,11.9261,76.9437
Chamarajanagara,Gundlupete,11.8,76.6833
Chamarajanagara,Kollegala,12.15,77.1167
Chamarajanagara,Yelanduru,12.0667,77.0333
Chamarajanagara,Hanuru,12.0833,77.3
Chikkaballapura,Chikkaballapura,13.4355,77.7315
Chikkaballapura,Bagepalli,13.7833,77.7833
Chikkaballapura,Chintamani,13.4,78.0667
Chikkaballapura,Gauribidanuru,13.6167,77.5167
Chikkaballapura,Gudibanda,13.6667,77.7
Chikkaballapura,Sidlaghatta,13.3833,77.8667
Chikkaballapura,Cheluru,13.68,77.96
Chikkamagaluru,Chikkamagaluru,13.3161,75.772
Chikkamagaluru,Kaduru,13.55,76.0167
Chikkamagaluru,Koppa,13.5333,75.3667
Chikkamagaluru,Mudigere,13.1333,75.6333
Chikkamagaluru,Narasimharajapura,13.6167,75.5167
Chikkamagaluru,Sringeri,13.4167,75.25
Chikkamagaluru,Tarikere,13.7167,75.8167
Chikkamagaluru,Ajjampura,13.7333,76.0333
Chikkamagaluru,Kalasa,13.2333,75.3667
Chitradurga,Chitradurga,14.2251,76.398
Chitradurga,Challakere,14.3167,76.65
Chitradurga,Hiriyur,13.95,76.6167
Chitradurga,Holalkere,14.0333,76.1833
Chitradurga,Hosadurga,13.8,76.2833
Chitradurga,Molakalmuru,14.7333,76.75
Dakshina Kannada,Mangaluru,12.8703,75.2429
Dakshina Kannada,Ullal,12.8,74.85
Dakshina Kannada,Mulki,13.1,74.7833
Dakshina Kannada,Moodbidri,13.0667,74.9833
Dakshina Kannada,Bantwala,12.8833,75.0333
Dakshina Kannada,Belathangadi,13.0,75.2667
Dakshina Kannada,Putturu,12.7667,75.2
Dakshina Kannada,Sulya,12.5667,75.3833
Dakshina Kannada,Kadaba,12.75,75.4667
Davanagere,Davanagere,14.4644,75.9218
Davanagere,Harihara,14.5126,75.8037
Davanagere,Channagiri,14.0264,75.9272
Davanagere,Honnali,14.2464,75.6429
Davanagere,Nyamathi,14.15,75.5667
Davanagere,Jagaluru,14.5264,76.3472
Dharwad,Dharwad,15.4589,75.0078
Dharwad,Hubballi Urban,15.3647,75.124
Dharwad,Hubballi Rural,15.35,75.15
Dharwad,Kalghatgi,15.1786,74.9742
Dharwad,Kundagolu,15.25,75.25
Dharwad,Navalgunda,15.5667,75.3667
Dharwad,Alnavara,15.4333,74.7333
Dharwad,Annigeri,15.43,75.43
Gadag,Gadag,15.4167,75.6167
Gadag,Naragunda,15.7167,75.3833
Gadag,Mundaragi,15.2,75.8833
Gadag,Rona,15.7,75.7333
Gadag,Gajendragada,15.7333,75.9833
Gadag,Lakshmeshwara,15.1333,75.4667
Gadag,Shirahatti,15.1833,75.5833
Hassan,Hassan,13.0033,76.1004
Hassan,Arasikere,13.3167,76.25
Hassan,Channarayapattana,12.9,76.3833
Hassan,Holenarsipura,12.7833,76.2333
Hassan,Sakleshpura,12.9667,75.7833
Hassan,Aluru,12.9833,75.9833
Hassan,Arakalagudu,12.7667,75.9833
Hassan,Beluru,13.1667,75.8667
Haveri,Haveri,14.7954,75.3991
Haveri,Ranibennur,14.6167,75.6167
Haveri,Byadgi,14.6833,75.4833
Haveri,Hangala,14.7667,75.1333
Haveri,Savanuru,14.9667,75.35
Haveri,Hirekeruru,14.4667,75.3833
Haveri,Shiggavi,14.9833,75.2333
Haveri,Rattihalli,14.4167,75.5167
Kalaburagi,Kalaburagi,17.3297,76.8343
Kalaburagi,Afzalpura,17.2,76.35
Kalaburagi,Aland,17.5667,76.5667
Kalaburagi,Chincholi,17.4667,77.4333
Kalaburagi,Chitapura,17.1167,77.0833
Kalaburagi,Jevargi,17.0167,76.7667
Kalaburagi,Sedam,17.1833,77.2833
Kalaburagi,Kamalapura,17.5833,76.9833
Kalaburagi,Shahabad,17.1333,76.9333
Kalaburagi,Kalgi,17.3667,77.15
Kalaburagi,Yedrami,16.85,76.5333
Kodagu,Madikeri,12.42,75.73
Kodagu,Somawarapete,12.6,75.8667
Kodagu,Virajapete,12.2,75.8
Kodagu,Ponnammapete,12.15,75.9333
Kodagu,Kushalnagara,12.4667,75.9667
Kolar,Kolar,13.1362,78.1291
Kolar,Bangarapete,12.9833,78.2
Kolar,Maluru,13.0,77.9333
Kolar,Mulabagilu,13.1667,78.4
Kolar,Srinivasapura,13.3333,78.2167
Kolar,KGF,12.96,78.27
Koppal,Koppal,15.3456,76.1554
Koppal,Gangavathi,15.4333,76.5333
Koppal,Kushtagi,15.75,76.2
Koppal,Yelburga,15.6167,76.0167
Koppal,Kanakagiri,15.5667,76.4167
Koppal,Karatagi,15.5833,76.6833
Koppal,Kukanuru,15.4667,75.9833
Mandya,Mandya,12.5218,76.8951
Mandya,Maddur,12.5833,77.05
Mandya,Malavalli,12.3833,77.0667
Mandya,Pandavapura,12.5,76.6667
Mandya,Nagamangala,12.8167,76.75
Mandya,Krishnarajapet,12.6667,76.4833
Mandya,Srirangapatna,12.4167,76.6833
Mysuru,Mysuru,12.2958,76.6394
Mysuru,Hunsur,12.3167,76.2833
Mysuru,Nanjangud,12.1167,76.6833
Mysuru,Piriyapatna,12.34,75.99
Mysuru,T. Narasipura,12.21,76.9
Mysuru,Heggadadevankote,11.9167,76.3333
Mysuru,K.R. Nagar,12.5833,76.3833
Mysuru,Saragur,11.98,76.41
Mysuru,Saligrama,12.5602,76.2629
Raichur,Raichur,16.2076,77.3463
Raichur,Manvi,15.9833,77.05
Raichur,Sindhanur,15.7667,76.7667
Raichur,Devadurga,16.4167,76.9333
Raichur,Lingsugur,16.1667,76.5167
Raichur,Maski,15.9667,76.6667
Raichur,Sirwar,16.15,77.0167
Ramanagara,Ramanagara,12.715,77.281
Ramanagara,Channapatna,12.65,77.2
Ramanagara,Kanakapura,12.55,77.4167
Ramanagara,Magadi,12.9667,77.2333
Ramanagara,Harohalli,12.6833,77.45
Shivamogga,Shivamogga,13.9299,75.5681
Shivamogga,Bhadravathi,13.84,75.7
Shivamogga,Thirthahalli,13.7,75.25
Shivamogga,Sagara,14.1667,75.0333
Shivamogga,Soraba,14.3833,75.1
Shivamogga,Shikaripura,14.2667,75.35
Shivamogga,Hosanagara,13.9167,75.0667
Tumakuru,Tumakuru,13.3409,77.101
Tumakuru,Chiknayakanahalli,13.4167,76.6167
Tumakuru,Gubbi,13.3167,76.9333
Tumakuru,Koratagere,13.5167,77.2333
Tumakuru,Kunigal,13.0167,77.0333
Tumakuru,Madhugiri,13.6667,77.2167
Tumakuru,Pavagada,14.1,77.2833
Tumakuru,Sira,13.75,76.9
Tumakuru,Tiptur,13.2667,76.4833
Tumakuru,Turuvekere,13.1667,76.6667
Udupi,Udupi,13.3409,74.7421
Udupi,Kundapura,13.6333,74.6833
Udupi,Karkala,13.2,74.9833
Udupi,Brahmavara,13.43,74.75
Udupi,Byndoor,13.87,74.63
Udupi,Hebri,13.32,75.01
Udupi,Kaup,13.22,74.74
Uttara Kannada,Karwar,14.8185,74.1416
Uttara Kannada,Sirsi,14.6195,74.8354
Uttara Kannada,Kumta,14.4268,74.4079
Uttara Kannada,Bhatkal,13.9877,74.5529
Uttara Kannada,Yellapur,14.9643,74.7121
Uttara Kannada,Haliyal,15.3262,74.7597
Uttara Kannada,Ankola,14.6653,74.3013
Uttara Kannada,Honnavar,14.2796,74.4439
Uttara Kannada,Siddapur,14.3364,74.8973
Uttara Kannada,Mundgod,14.9701,75.0343
Uttara Kannada,Joida,15.1764,74.4842
Uttara Kannada,Dandeli,15.2333,74.6167
Vijayapura,Vijayapura,16.8302,75.71
Vijayapura,Indi,17.1833,75.9667
Vijayapura,Sindagi,16.9167,76.2333
Vijayapura,Basavana Bagewadi,16.5833,75.9667
Vijayapura,Muddebihal,16.3333,76.1333
Vijayapura,Talikote,16.4833,76.3167
Vijayapura,Chadachan,17.2,75.8
Vijayapura,Tikota,16.85,75.5167
Vijayapura,Babaleshwara,16.7,75.6
Vijayapura,Kolhara,16.5667,75.85
Vijayapura,Nidagundi,16.45,76.0167
Vijayapura,Devara Hipparagi,16.7667,76.0833
Yadgir,Yadgir,16.7644,77.1378
Yadgir,Shahapur,16.7,76.8333
Yadgir,Shorapur,16.5167,76.75
Yadgir,Hunsagi,16.4333,76.5167
Yadgir,Vadagera,16.6333,77.0167
Yadgir,Gurmitkal,16.8667,77.4
Vijayanagara,Hosapete,15.2689,76.3909
Vijayanagara,Hagaribommanahalli,15.0833,76.2
Vijayanagara,Harapanahalli,14.8,75.9833
Vijayanagara,Hoovina Hadagali,15.0167,75.95
Vijayanagara,Kudligi,14.9,76.3833
Vijayanagara,Kotturu,14.9333,76.2167
